CustomerID,Age,Gender,Income,Region,Spend,SignupDate,LastPurchase,Churn
1,25,Male,45000," North America ",1200,2023-01-15,2024-12-01,Yes
2,,Female,,Europe,850,2023-02-30,,No
3,45,Male,120000,"Asia",5000,2023-03-10,2025-01-15,Yes
4,32,F,75000,South America,3200,2023-04-05,2024-11-20,No
5,28,Male,45000,North America,1200,2023-01-15,2024-12-01,Yes
6,35,,62000,"  Europe  ",,2023-06-01,2024-10-10,No
7,999,Male,55000,Africa,300,2023-07-12,2023-07-12,Yes
8,41,Male,58000,"North America",1800,2023-08-20,,No
9,29,Female,48000,"Asia ",1100,2023-09-05,2024-09-05,Yes
10,33,Male,,Oceania,2200,2023-10-01,2024-12-10,No
CUST11,31,Female,70000,Europe,1500,2023-11-11,2024-11-11,Yes
12,27,Male,45000,North America,1200,2023-01-15,2024-12-01,Yes
13,62,Male,85000,"Moon",999999,2025-12-01,2025-12-01,No